Entity;Labelen;Labelde;definitionen;definitionde;Sourceen;Sourcede;Bemerkungen;
ReadyMixedConcrete;ready-mixed concrete;Transportbeton;Concrete delivered in a fresh state by a person or body who is not the user. Ready-mixed concrete in the sense of DIN EN 206 is also concrete produced off site by the user or produced on site. But not by the user.;Beton, der in frischem Zustand durch eine Person oder Stelle geliefert wird, die nicht der Verwender ist. Transportbeton im Sinne von DIN EN 206 ist auch vom Verwender ausserhalb der Baustelle hergestellter Beton oder auf der Baustelle nicht vom Verwender hergestellter Beton.;DIN EN 206;DIN EN 206;;
SelfcompactingConcrete;self-compacting concrete;Selbstverdichtender Beton (SVB);Concrete that is able to flow and compact under its own weight, fill the formwork with its reinforcement, ducts, boxouts etc., whilst maintaining homogeneity.;Beton, der aufgrund seines eigenen Gewichts fliesst und sich selbst verdichtet sowie die Schalung mit Bewehrung, Kanaelen, Aussparungskaesten usw. ausfuellt und dabei seine Homogenitaet beibehaelt.;DIN EN 206;DIN EN 206;;
SiteMixedConcrete;site-mixed concrete;Baustellenbeton;Concrete produced on the construction site by the user of the concrete for his own use.;Beton, der auf der Baustelle vom Verwender des Betons fuer seine eigene Verwendung hergestellt wird.;DIN EN 206;DIN EN 206;;
InSituConcrete;in-situ concrete;Ortbeton;Concrete that hardens on the site where it is used. In-situ concrete is delivered to the construction site as ready-mixed concrete by truck mixers or mixed on site as site-mixed concrete.;Beton, der an dem Ort erhaertet, an dem er verbaut wird. Ortbeton wird als Transportbeton mit Mischfahrzeugen auf die Baustelle gebracht oder vor Ort als Baustellenbeton gemischt.;;;;
Site;site;Baustelle;Area where the construction work is undertaken.;Gebiet, in dem die Bauarbeiten durchgefuehrt werden;DIN EN 206;DIN EN 206;Syn: construction site;
PrecastElement;precast element;Fertigteil;concrete product cast and cured in a place other than the final location of use;Betonbauteil, dass an einem anderen Ort als dem endgueltigen Ort der Verwendung (im Werk oder auf der Baustelle) hergestellt und nachbehandelt wird;DIN EN 206;DIN EN 206;;
PrecastProduct;precast product;Fertigteil (Bauprodukt);Precast element manufactured in compliance with the relevant European product standard.;Nach der relevanten europaeischen Produktnorm hergestelltes Fertigteil.;DIN EN 206;DIN EN 206;;
Concrete;Concrete;Beton;Material formed by mixing cement, coarse and fine aggregate and water, with or without the incorporation of admixtures and additions, which develops ist properties by hydration of the cement.;Baustoff, der durch Mischen von Zement, grober und feiner Gesteinskoernung und Wasser, mit oder ohne Zugabe von Zusatzmitteln und Zusatzstoffen oder Fasern, hergestellt wird und seine Eigenschaften durch Hydratation des Zements erhaelt.;DIN EN 206;DIN EN 206;;
ConcreteFamily;concrete family;Betonfamilie;A group of concrete compositions for which a reliable relationship between properties is established and documented.;Gruppe von Betonzusammensetzungen, fuer die ein verlaesslicher Zusammenhang zwischen massgebenden Eigenschaften festgelegt und dokumentiert ist.;DIN EN 206;DIN EN 206;;
PrescribedConcrete;prescribed concrete;Beton nach Zusammensetzung;Concrete for which the composition of the concrete and the constituent materials to be used are specified to the producer who is responsible for providing a concrete with the specified composition.;Beton, fuer den die Zusammensetzung und die Ausgangsstoffe, die verwendet werden muessen, dem Hersteller, der fuer die Lieferung eines Betons mit der festgelegten Zusammensetzung verantwortlich ist, vorgegeben werden.;DIN EN 206;DIN EN 206;;
StandardizedPrescribedConcrete;standardized prescribed concrete;Standardbeton;Prescribed concrete for which the composition is given in a standard valid in the place of use of the concrete.;Beton nach Zusammensetzung, dessen Zusammensetzung in einer am Ort der Verwendung des Betons gueltigen Norm vorgegeben ist.;DIN EN 206;DIN EN 206;;
DesignedConcrete;designed concrete;Beton nach Eigenschaften;Concrete for which the required properties and additional characteristics are specified to the producer who is responsible for providing a concrete confirming to the required properties and additional characteristics.;Beton, fuer den die geforderten Eigenschaften und zusaetzliche Anforderungen, sofern erforderlich, gegenueber dem Hersteller festgelegt sind, der fuer die Bereitstellung eines Betons, der den geforderten Eigenschaften und den zusaetzlichen Anforderungen entspricht, verantwortlich ist.;DIN EN 206;DIN EN 206;;
FreshConcrete;Fresh Concrete;Frischbeton;Concrete which is fully mixed and still in a condition that is capable of being compacted by the chosen method.;Beton, der fertig gemischt ist, sich noch in einem verarbeitbaren Zustand befindet und durch das gewaehlte Verfahren verdichtet werden kann.;DIN EN 206;DIN EN 206;;
HardenedConcrete;Hardened Concrete;Festbeton;Concrete which is in a solid state and which has developed a certain strength.;Beton, der sich in einem festen Zustand befindet und eine gewisse Festigkeit entwickelt hat.;DIN EN 206;DIN EN 206;;
NormalWeightConcrete;normal-weight concrete;Normalbeton;Concrete having an oven-dry density greater than 2000 kg/m3 but not exceeding 2600 kg/m3.;Beton im ofentrockenen Zustand mit einer Rohdichte ueber 2000 kg/m3 und hoechstens 2600 kg/m3.;DIN EN 206;DIN EN 206;;
LightweightConcrete;lightweight concrete;Leichtbeton;Concrete having an oven-dry density of not less than 800 kg/m3 and not more than 2000 kg/m3.;Beton im ofentrockenen Zustand mit einer Rohdichte von mindestens 800 kg/m3 und hoechstens 2000 kg/m3.;DIN EN 206;DIN EN 206;;
HeavyWeightConcrete;heavy-weight concrete;Schwerbeton;Concrete having an oven-dry density greater than 2600 kg/m3.;Beton im ofentrockenen Zustand mit einer Rohdichte ueber 2600 kg/m3.;DIN EN 206;DIN EN 206;;
Cement;Cement;Zement;A finely ground inorganic material which, when mixed with water, forms a paste that sets and hardens by means of hydration reactions and proesses and which, after hardening, retains its strength and stability even under water.;Fein gemahlener anorganischer Stoff, der, mit Wasser gemischt, Zementleim ergibt, welcher durch Hydratation erstarrt und erhaertet und nach dem Erhaerten auch unter Wasser stabil und raumbestaendig bleibt.;EN 197-1;EN 197-1;;
Mortar;Mortar;Moertel;Mixture of binder, water and aggregate with a maximum grain size of 4 mm, which solidifies and hardens after a certain time due to hydration. ;Gemisch aus Bindemittel, Wasser und Gesteinskoernung mit einem Groesstkorn von maximal 4 mm, das nach einer bestimmten Zeit durch Hydratation erstarrt und erhaertet. ;;;;
WaterCementRatio;Water Cement Ratio;Wasserzementwert;ratio of the effective water content to cement content by mass in the fresh concrete;Masseverhaeltnis des wirksamen Wassergehaltes zum Zementgehalt im Frischbeton.;DIN EN 206;DIN EN 206;;
EquivalentWaterCementRatio;Equivalent Water Cement Ratio;aequivalenter Wasserzementwert;Ratio by mass of the effective water content to the combined cement content and the k-value to take into account additions.;Masseverhaeltnis des wirksamen Wassergehaltes zur Summe aus Zementgehalt und k-fach anrechenbaren Anteilen von Zusatzstoffen (w/z)eq.;translated from Betontechnische Daten;Betontechnische Daten;;
EffectiveWaterContent;effective water content;wirksamer Wassergehalt;The difference between the total water present in the fresh concrete and the water absorbed by the aggregates.;Differenz zwischen der Gesamtwassermenge im Frischbeton und der Wassermenge, die von der Gesteinskoernung aufgenommen wird.;DIN EN 206;DIN EN 206;;
TotalWaterContent;total water content;Gesamtwassergehalt;The added water plus water alreaady contained in the aggregates and on the surface of the aggregates plus water in the admixtures and in additions used in the form of a slurry and water resulting from any ice or steam heating.;Summe aus dem Zugabewasser, dem bereits in der Gesteinskoernung und auf deren Oberflaeche enthaltenen Wasser, dem Wasser in Betonzusatzmitteln und Betonzusatzstoffen, wenn diese in waessriger Form verwendet werden, und gegebenenfalls dem Wasser von zugefuegtem Eis oder einer Dampfbeheizung.;DIN EN 206;DIN EN 206;;
Aggregate;Aggregate;Gesteinskoernung;Natural, artificial, reclaimed or recycled granular mineral constituent suitable for use in concrete.;Fuer die Verwendung in Beton geeigneter gekoernter, mineralischer Stoff, der natuerlich, kuenstlich, wiedergewonnen oder rezykliert sein kann.;DIN EN 206;DIN EN 206;;
AllInAggregate;all-in aggregate;Gesteinskoernungsgemisch;Aggregate consisting of a mixture of coarse and fine aggregates with D greater than 4 mm and d = 0.;Gesteinskoernung, bestehend aus einem Gemisch grober und feiner Gesteinskoernungen mit D groesser als 4 mm und mit d = 0.;DIN EN 206;DIN EN 206;;
AggregateSize;aggregate size;Korngroesse;Designation of aggregate in terms of lower (d) and upper (D) sieve sizes expressed as d/D.;Bezeichnung einer Gesteinskoernung mittels unterer (d) und oberer (D) Siebgroesse, angegeben als d/D.;DIN EN 206;DIN EN 206;;
FinesInConcrete;fines in concrete;Mehlkorn;Sum of solid materials in fresh concrete with particle sizes less than or equal to 0,125 mm.;Summe der festen Partikel im Frischbeton mit einer Korngroesse =< 0,125 mm.;DIN EN 206;DIN EN 206;;
HeavyWeightAggregate;heavy-weight aggregate;schwere Gesteinskoernung;Aggregate with an oven-dry particle density >= 3000 kg/dm3 when determined according to EN 1097-6.;Gesteinskoernung im ofentrockenen Zustand mit einer Kornrohdichte >= 3 000 kg/m3 bei Bestimmung nach EN 1097-6.;DIN EN 206;DIN EN 206;;
LightWeightAggregate;lightweight aggregate;leichte Gesteinskoernung;Aggregate of mineral origin having an oven-dry particle density =< 2000 kg/dm3  when determined according to EN 1097-6 or a loose buld-density =< 1200 kg/dm3  when determined according to EN 1097-3.;Gesteinskoernung mineralischen Ursprungs im ofentrockenen Zustand mit einer Kornrohdichte =< 2 000 kg/m3, bestimmt nach EN 1097-6, oder einer Schuettdichte =< 1 200 kg/m3, bestimmt nach EN 1097-3.;DIN EN 206;DIN EN 206;;
NormalWeightAggregate;normal-weight aggregate;normale Gesteinskoernung;Aggregate with an oven-dry particle density > 2000 kg/dm3 and < 3000 kg/dm3 when determined according to EN 1097-6.;Gesteinskoernung im ofentrockenen Zustand mit einer Kornrohdichte > 2 000 kg/m3 und < 3 000 kg/m3, bestimmt nach EN 1097-6.;DIN EN 206;DIN EN 206;;
ReclaimedWashedAggregate;reclaimed washed aggregate;wiedergewonnene gewaschene Gesteinskoernung;Aggregates gained by washing fresh concrete.;Gesteinskoernung, die durch Waschen von Frischbeton gewonnen wird.;DIN EN 206;DIN EN 206;;
ReclaimedCrushedAggregate;reclaimed crushed aggregate;wiedergewonnene gebrochene Gesteinskoernung;Aggregate gained by crushing hardened concrete that has not been previously used in construction.;Gesteinskoernung, die durch Brechen von Festbeton, der noch nicht beim Bauen verwendet wurde, gewonnen wird.;DIN EN 206;DIN EN 206;;
RecycledAggregate;recycled aggregate;rezyklierte Gesteinskoernung;Aggregate resulting from the processing of inorganic material previously used in construction.;Gesteinskoernung, die durch Aufbereitung von vorher beim Bauen verwendeten anorganischen Stoffen gewonnen wird;DIN EN 206;DIN EN 206;;
Additives;Additives;Betonzusaetze;a substance added to another in relatively small amounts to impart or improve desirable properties or suppress undesirable properties.;Stoffe, die dem Beton zur Beeinflussung bestimmter Frisch- und/oder Festbetoneigenschaften zugegeben werden. Nach Art und Zugabemenge unterscheidet man Betonzusatzmittel und Betonzusatzstoffe.;ACI;Zement-Merkblatt B3;DIN EN 206;
Admixture;Admixture;Betonzusatzmittel;Material added during the mixing process of concrete in small quantities related to the mass of cement to modify the properties of fresh or hardened concrete.;Stoff, der waehrend des Mischvorgangs des Betons in kleinen Mengen, bezogen auf den Zementgehalt, zugegeben wird, um die Eigenschaften des Frischbetons oder Festbetons zu veraendern;DIN EN 206;DIN EN 206;;
Addition;Addition;Betonzusatzstoff;Finely divided material used in concrete in order to improve certain properties or to achieve special properties.;Fein verteilter anorganischer Stoff, der im Beton verwendet wird, um bestimmte Eigenschaften zu verbessern oder um bestimmte Eigenschaften zu erreichen.;DIN EN 206;DIN EN 206;;
SlagCement;Slag Cement;Hochofenzement;Normal cement containing between 36 and 95 percent ground granulated blast furnace slag instead of Portland cement clinker.;Normalzement, der zwischen 36 und 95 Prozent Huettensand anstelle von Portlandzementklinker enthaelt.;;;Syn.: Huettenzement;
GGBS/GGBFS;ground granulated blast furnace slag;Huettensand;Ground granulated blast furnace slag is produced by rapid cooling of a molten slag formed during pig iron production. ;Huettensand entsteht durch schnelles Abkuehlen einer bei der Roheisenherstellung gebildeten Schlackenschmelze. ;;Betontechnische Daten;Syn.: granulierte Hochofenschlacke;
BlastFurnaceSlag;blast furnace slag;Hochofenschlacke;Blast furnace slag is a by-product of pig iron production through thermochemical reduction processes at around 1500C in a blast furnace.;Hochofenschlacke entsteht als Nebenprodukt bei der Roheisengewinnung durch thermochemische Reduktionsprozesse bei ca. 1500C im Hochofen.;;;;
SilicaFume;Silica Fume;Silikastaub;Very fine non-crystalline silica produced in electric arc furnaces as a by-product of the production of elemental silicon or alloys containing silicon.;Sehr feines, nicht kristallines Siliziumdioxid, das in Lichtbogenoefen als Nebenprodukt bei der Herstellung von elementarem Silizium oder siliziumhaltigen Legierungen entsteht.;translated from Betontechnische Daten;Betontechnische Daten;;
FlyAsh;Fly Ash;Flugasche;Fine gray powder consisting mostly of spherical, glassy particles that are produced as a byproduct in coal-fired power stations. ;Feines graues Pulver, das hauptsaechlich aus kugelfoermigen, glasartigen Partikeln besteht und als Nebenprodukt in Kohlekraftwerken anfaellt. ;translated from Betontechnische Daten;Betontechnische Daten;;
TypeIAddition;type I addition;Typ-I-Zusatzstoff;nearly inert additions;nahezu inaktiver Zusatzstoff;DIN EN 206;DIN EN 206;;
TypeIIAdition;type II addition;Typ-II-Zusatzstoff;pozzolanic or latent hydraulic additions;puzzolanischer oder latenthydraulischer Zusatzstoff;DIN EN 206;DIN EN 206;;
QuartzFlour;Quartz flour;Quarzmehl; Finely ground quartz with a grain size =< 0.25 mm. ;Feingemahlener Quarz mit einer Korngroesse =< 0,25 mm. ;;;;
Fibres;Fibres;Fasern;;;;;;
SteelFibres;steel fibres;Stahlfasern;Straight or deformed pieces of cold-drawn steel wire, straight or deformed cut sheet fibres, melt extracted fibres, shaved cold drawn wire fibres or fibres milled from steel blocks, which are suitable to be homogeneously mixed into concrete.;Gerade oder verformte Fasern aus kalt gezogenem Stahldraht, gerade oder verformte zugeschnittene Einzelfasern, aus Schmelzgut hergestellte Fasern, von kalt gezogenem Draht gespante Fasern oder aus Stahlbloecken gehobelte Fasern, die fuer eine gleichmaessige Verteilung in Beton geeignet sind.;DIN EN 206;DIN EN 206;;
PolymerFibres;polymer fibres;Polymerfasern;Straight or deformed pieces of extruded, orientated and cut material, which are suitable to be homogenously mixed into concrete.;gerade oder verformte Fasern aus extrudiertem, orientiertem oder geschnittenem Material, die fuer eine gleichmaessige Verteilung in Betonmischungen geeignet sind;DIN EN 206;DIN EN 206;;
Pigments;Pigments;Pigmente;Fine-grained inorganic or organic solid particles with a diameter of about 0.1 to 1.0 µm used for coloring concrete, mortar or a transparent binder. Color pigments for concrete are inert concrete type I additions according to DIN 1045-2.;Feinkoernige anorganische oder organische Feststoffteilchen mit einem Durchmesser von etwa 0,1 bis 1,0 µm, die zur Farbgebung von Beton, Moertel oder eines transparenten Bindemittels dienen. Farbpigmente fuer Beton sind inerte Betonzusatzstoffe Typ I im Sinne der DIN 1045-2.;;;;
LimestonePowder;Limestone powder;Kalksteinmehl; Finely ground limestone that can be used as an addition to cover a deficit in the amount of fines in concrete.;Feingemahlener Kalkstein, der als Betonzusatzstoff verwendet werden kann, um eine fehlende Menge an Mehlkorn im Beton zu decken.;;;;
EntrainedAir;entrained air;kuenstliche Luftporen;"Microscopic air bubbles intentionally incorporated in concrete during mixing, usually by use of a surface active agent; typically between 10 micrometer and 300 micrometer in diameter and spherical or nearly so.";"mikroskopisch kleine Luftporen, die waehrend des Mischens - im Allgemeinen unter Verwendung eines oberflaechenaktiven Stoffes - absichtlich im Beton erzeugt werden; typischerweise kugelfoermig oder nahezu kugelfoermig sowie mit einem Durchmesser von 10 micrometer bis 300 micrometer.";DIN EN 206;DIN EN 206;;
EntrappedAir;entrapped air;Lufteinschluesse;Air voids in concrete which are not purposely entrained.;Luftporen, die unbeabsichtigt in den Beton gelangen.;DIN EN 206;DIN EN 206;;
CharacteristicStrength;characteristic strength;charakteristische Festigkeit;Value of strength below which 5 % of the population of all possible strength determinations of the volume of concrete under consideration, are expected to fall.;Festigkeitswert, unter dem erwartungsgemaess 5 % der Grundgesamtheit aller moeglichen Festigkeitswerte des betrachteten Betonvolumens liegen.;DIN EN 206;DIN EN 206;;
DeterminationOfCompressiveStrength;Determination of Compressive Strength;Druckfestigkeitspruefung;Testing of the compressive strength on test cubes or cylinders, which are subjected to compression in a compression testing machine at a specified loading rate until fracture.;Pruefung der Druckfestigkeit an Probewuerfeln oder -zylindern, die in einer Druckpruefmaschine mit vorgegebener Belastungsgeschwindigkeit bis zum Bruch auf Druck belastet werden. ;;DIN EN 12390-3;;
ConcreteCompressiveStrength;Concrete Compressive Strength;Betondruckfestigkeit;The measured maximum resistance of a concrete specimen to axial compressive loading.;Der Quotient aus Bruchlast und Flaeche des Probenquerschnitts eines einachsig beanspruchten Betonprobekoerpers.;ACI;DIN EN 12390-3;;
CompressiveStrengthCube;Compressive Cube Strength;Wuerfeldruckfestigkeit;The compressive strength of concrete in MPa (N/mm^2) determind using cube specimens.;Druckfestigkeit von Beton in MPa (N/mm^2), die bei der Druckfestigkeitspruefung an Probewuerfeln ermittelt wird. ;;DIN EN 12390-3;;
CompressiveStrengthCylinder;Compressive Cylinder Strength ;Zylinderdruckfestigkeit;The compressive strength of concrete in MPa (N/mm^2) determind using cylinder specimens.;Druckfestigkeit von Beton in MPa (N/mm^2), die  bei der Druckfestigkeitspruefung an einem zylinderfoermigen Probekoerper (Probezylinder) ermittelt wird.;;DIN EN 12390-3;;
CompressiveStregthClass;compressive strength class;Druckfestigkeitsklasse;Classification comprising the type of concrete (normal-weight and heavy-weight or lightweight), the minimum characteristic cylinder strength (150 mm diameter by 300 mm length) and the minimum characteristic cube strength (150 mm edge length).;Klassifizierung bestehend aus der Betonart (Normal-, Schwer- oder Leichtbeton), dem Mindestwert der charakteristischen Zylinderfestigkeit (bei Zylindern von 150 mm Durchmesser und 300 mm Laenge) und dem Mindestwert der charakteristischen Wuerfelfestigkeit (bei einer Kantenlaenge des Wuerfels von 150 mm).;DIN EN 206;DIN EN 206;;
ModulusOfElasticity;Modulus of Elasticity (Youngs Modulus);Elastizitaetsmodul;Physical parameter that describes the relationship between the stress and strain of a building material as a result of mechanical loading during reversible deformation. ;Physikalische Kenngroesse, die den Zusammenhang zwischen der Spannung und der Dehnung eines Baustoffes infolge mechanischer Beanspruchung bei reversibler Verformung beschreibt. ;;;Young's modulus;
DeterminationOfSecantModulusOfElasticity;Determination of Secant Modulus of Elasticity;Bestimmung des Elastizitaetsmoduls (Sekantenmodul);Determination of the modulus of elasticity on cylinder or prismatic specimens loaded under axial compression in a compression testing machine. The stresses and strains are recorded. The slope of the secant to the stress-strain curve is determined at first loading (Method A only) and after three loading cycles (Methods A and B).;Bestimmung des Elastizitaetsmoduls an zylindrischen oder prismatischen Probekoerpern, die in einer Druckpruefmaschine unter axialer Druckbelastung beansprucht und die auftretenden Spannungen und Dehnungen aufgezeichnet werden. Aus dem Anstieg der Spannungs-Dehnungs-Kurve wird der Sekantenmodul bei der ersten Belastung (nur bei Verfahren A) und nach drei Belastungszyklen (Verfahren A und B) ermittelt.;DIN EN 12390-13;DIN EN 12390-13;;
SecantModulusOfElasticty;Secant Modulus of Elasticty;Elastizitaetsmodul (Sekantenmodul);Material parameter from materials engineering that describes the proportional relationship between stress and strain during the deformation of a solid with linear elastic behavior.;Materialkennwert aus der Werkstofftechnik, der den proportionalen Zusammenhang zwischen Spannung und Dehnung bei der Verformung eines Festkoerpers bei linear elastischem Verhalten beschreibt.;;;;
DynamicModulusOfElasticity;Dynamic modulus of elasticity;dynamischer E-Modul;The dynamic modulus of elasticity is determined by dynamic loading of a building material and results from the material density and the velocity.;Der dynamische E-Modul wird bei einer dynamischen Beanspruchung eines Baustoffes ermittelt und ergibt sich aus der Materialdichte und der Geschwindigkeit.;;;Dynamic Young's modulus;
ExposureClass;Exposure Class;Expositionsklasse;Classification of those chemical and physical actions to which the concrete is exposed and which result in effects on the concrete or reinforcement or embedded metal that are not considered as loads in structural design.;Klassifizierung derjenigen chemischen und physikalischen Umgebungsbedingungen, denen der Beton ausgesetzt ist und die zu Auswirkungen auf den Beton oder die Bewehrung oder das eingebettete Metall fuehren, die nicht als Lasten bei der konstruktiven Bemessung beruecksichtigt sind.;DIN EN 206;DIN EN 206;"vgl: Umwelteinfluesse/Einwirkungen aus der Umgebung
vgl: environmental actions";
kValueAccountingForTypeIIAdditons;k Value Accounting for type II additions;k-Wert fuer Zusatzstoffe Typ II;Eligibility of Type II additives on the cement content and the water-cement ratio.;Anrechenbarkeit von Zusatzstoffen des Typs II auf den Zementgehalt und den Wasserzementwert.;translated from Betontechnische Daten;Betontechnische Daten;;
kValueAccountingForFlyAsh;k Value Accounting for Fly Ash;k-Wert fuer Flugasche;Eligibility of fly ash on the cement content and the water-cement ratio.;Anrechenbarkeit von Flugasche auf den Zementgehalt und den Wasserzementwert.;translated from Betontechnische Daten;Betontechnische Daten;;
kValueAccountingForSilicaFume;k Value Accounting for Silica Fume;k-Wert fuer Silikastaub;Eligibility of silica fume on the cement content and the water-cement ratio.;Anrechenbarkeit von Silikastaub auf den Zementgehalt und den Wasserzementwert.;translated from Betontechnische Daten;Betontechnische Daten;;
kValueAccountingForFlyAsh+SilicaFume;k Value Accounting for Fly Ash + Silica Fume;k-Wert fuer Flugasche + Silikastaub;Eligibility of fly ash + silica fume on the cement content and the water-cement ratio.;Anrechenbarkeit von Flugasche + Silikastaub auf den Zementgehalt und den Wasserzementwert.;translated from Betontechnische Daten;Betontechnische Daten;;
ConcreteMixer;Concrete Mixer;Betonmischer;A machine used for blending the raw materials of concrete, grout, mortar, cement paste, or other mixture.;Baustoffmaschine zur Herstellung von Beton, Moertel oder Zementleim durch Mischen der Ausgangsstoffe.;;;;
TruckMixer;truck mixer;Fahrmischer;Concrete mixer mounted on a self-propelled chassis capable of mixing and delivering a homogeneous concrete.;Betonmischer, der auf einem Fahrgestell mit Eigenantrieb montiert und in der Lage ist, einen gleichmaessig gemischten Beton herzustellen und auszuliefern.;DIN EN 206;DIN EN 206;;
NonDestructiveTesting;NonDestructive Testing;Zerstoerungsfreie Pruefung;Testing for chemical and/or physical properties where materials were not destroyed or changed in the process.;Pruefung, bei der Materialien auf chemische und/oder physikalische Eigenschaften geprueft und dabei nicht beschaedigt werden.;;Krankenhagen & Laube (1983);;
DestructiveTesting;Destructive Testing;Zerstoerende Pruefung;Testing for chemical and/or physical properties where materials were destroyed or changed in the process.;Pruefung, bei der Materialien auf chemische und/oder physikalische Eigenschaften geprueft und dabei zerstoert oder veraendert werden.;;Krankenhagen & Laube (1983);;
EngineeringMaterial;Engineering Material;Werkstoff;Materials that are processed in production processes.;Materialien, die in Produktionsprozessen verarbeitet werden.;;;;
CompositeMaterial;Composite Material;Verbundwerkstoff;Eengineering materials made from two or more constituent materials that remain distinct but combine to form materials with properties not possessed by any of the constituent materials individually.;Technische Werkstoffe, die aus zwei oder mehr Bestandteilen bestehen, die getrennt bleiben, sich aber zu Materialien mit Eigenschaften verbinden, die keiner der Bestandteile einzeln besitzt.;ACI;ACI;;
Calorimeter;Calorimeter;Kalorimeter;Instrument for measuring heat exchange during a chemical reaction, such as the quantity of heat liberated by the combustion of a fuel or hydration of a cement.;Instrument zur Messung des Waermeaustauschs waehrend einer chemischen Reaktion, wie z. B. der Waermemenge, die durch die Verbrennung eines Brennstoffs oder die Hydratation eines Zements freigesetzt wird.;ACI CT-21: ACI Concrete Terminology;ACI CT-21: ACI Concrete Terminology;;
CastingDevice;Casting Device;Betoniervorrichtung;Device or tool used to cast concrete.;Geraete oder Hilfsmittel zur Verwendung bei einer Betonage.;;;;
MeasurementInstrumentPreparation;Measurement Instrument Preparation;Messinstrumentvorbereitung;Preparation of a Measuring isntrument to be used for measuring, e.g. dampening or placement of forms.;Vorbereitung eines Messintrumentes zur Durchfuehrung einer Messung, z. B. anfeuchten oder platzieren einer Form;;;;
DINStandard;DIN Standard;DIN Norm;Voluntary standard developed under the direction of the German Institute for Standardization (DIN) in which tangible and intangible objects are standardized.;Unter Leitung des Deutschen Instituts fuer Normung (DIN) erarbeiteter freiwilliger Standard, in dem materielle und immaterielle Gegenstaende vereinheitlicht sind.;;;;
ENStandard;EN Standard;EN Norm;Standard published by one of the following Institutions: CEN (Comite Europeen de Normalisation) CENELEC (European Committee for Electronical Standards) ETSI (European Telecommunications Standard Institute).;Norm, die von einer der folgenden Institutionen veroeffentlicht wird: CEN (Comite Europeen de Normalisation) CENELEC (Europaeisches Komitee fuer Elektronische Normen) ETSI (Europaeisches Institut fuer Telekommunikationsnormen).;;;;
DATFile;DAT File;DAT Datei;Standard data document (.dat) that contains data and is recognized by any text editing or word processing software.;Standarddatendokument (.dat), das Daten enthaelt und von jeder Textbearbeitungs- oder Textverarbeitungssoftware erkannt wird.;;;;
Consistency;consistency;Konsistenz;Measure of the stiffness and workability of fresh concrete.;Mass fuer die Steifheit und Verarbeitbarkeit von Frischbeton.;;;;
ConsistencyClass;consistency class;Konsistenzklasse;Classification of the consistency of fresh concrete.;Einteilung der Konsistenz von Frischbeton.;;;;
FlowTableTest;Flow Table Test;Bestimmung des Ausbreitmasses;This test determines the consistency of fresh concrete by measuring the spread of concrete on a flat slab dropped onto a frame.;Mit dieser Pruefung wird die Konsistenz von Frischbeton durch Messung der Ausbreitung von Beton auf einer flachen Platte bestimmt, die auf einen Rahmen fallengelassen wird.;EN 12350-5;DIN EN 12350-5;;
FlowSpread;Flow Spread;Ausbreitmass;Mean diameter of the spread of fresh concrete from a standardized slump cone.;Mittlerer Ausbreitdurchmesser von Frischbeton, der im Ausbreitversuch bestimmt wird.;;;;
FlowClass;Flow Class;Ausbreitmassklasse;Classification of consistency by determining the flow spread.;Einteilung der Konsistenz durch die Bestimmung des Ausbreitmasses.;;;;
SlumpFlow;slump-flow;Setzfliessmass;Mean diameter of the spread of fresh concrete from a standardized slump cone.;Mittlerer Ausbreitdurchmesser von Frischbeton, der im Setzfliessversuch bestimmt wird.;DIN EN 206;DIN EN 206;;
SlumpClass;Slump Class;Setzmassklasse; ;Einteilung der Konsistenz durch die Bestimmung des Setzfliessmasses.;;;;
VebeClass;Vebe Class;Setzzeit-Klasse (Vebe);;;;;;
DegreeOfCompactability;degree of compactability;Verdichtungsmass;;;;;;
DegreeOfCompactabilityClass;degree of compactability class;Verdichtungsmassklasse;Classification of consistency by determining the degree of compaction.;Einteilung der Konsistenz durch die Bestimmung des Verdichtungsmasses.;;;;
PassingAbility;passing ability;Blockierneigung;Ability of fresh concrete to flow through tight openings such as spaces between steel reinforcing bars without segregation or blocking.;Neigung von Frischbeton, bei engen oeffnungen wie z. B. zwischen Bewehrungsstaeben, durch Entmischen das weitere Fliessen zu blockieren oder enge oeffnungen zu verstopfen.;DIN EN 206;DIN EN 206;;
SegregationResistance;segregation resistance;Sedimentationsstabilitaet;Ability of fresh concrete to remain homogeneous in composition while in its fresh state.;Eigenschaft von Frischbeton, hinsichtlich der Zusammensetzung homogen zu bleiben.;DIN EN 206;DIN EN 206;;
SpecificGravity;Specific Gravity;spezifisches Gewicht;Weight of a body in relation to its volume.;Gewicht eines Koerpers im Verhaeltnis zu seinem Volumen.;;;;
StressRate;Stress Rate;Spannungsrate;;;;;;
TensileSplittingStrength;Tensile Splitting Strength;Spaltzugfestigkeit;A cylindrical specimen is exposed to a compressive load applied in a narrow strip along the longitudinal axis of the specimen. The resulting orthogonal tensile force causes the specimen to fracture under tensile stress.;Ein zylindrischer Probekoerper wird einer Druckkraft ausgesetzt, die in einem schmalen Streifen entlang der Laengsachse des Probekoerpers aufgebracht wird. Die sich ergebende orthogonale Zugkraft verursacht den Bruch des Probekoerpers unter Zugspannung.;; DIN EN 12390-6;;
TestingDevice;Testing Device;Pruefgeraet;Device for testing [materials, specimens, workpieces].;Geraet zum Pruefen [von Materialien, Probekoerpern, Werkstuecken].;;;;
TestingMachine;Testing Machine;Pruefmaschine;Device for determining physical (mechanical) material properties.;Geraet zur Ermittlung von physikalischen (mechanischen) Werkstoffeigenschaften.;;;;
Extensometer;Extensometer;Wegaufnehmer / Wegsensor;Used to measure the distance between an object and a reference point or changes in length.;Dient zur Messung des Abstandes zwischen einem Objekt und einem Bezugspunkt oder von Laengenaenderungen.;;;E-Modul Norm bzgl. engl. Bezeichnung;ehm. Transducer
ConcreteManufacturer;Concrete manufacturer;Betonhersteller;Person or body producing fresh concrete.;Person oder Stelle, die den Frischbeton herstellt.;DIN EN 206;DIN EN 206;;ehm. Producer
Delivery;delivery;Lieferung;The process of handing over the fresh concrete by the producer.;Vorgang der uebergabe des Frischbetons durch den Hersteller.;DIN EN 206;DIN EN 206;;
Customer;Customer;Abnehmer/Kunde;Person or body using fresh concrete in the execution of a construction or an element.;Person oder Stelle, die Frischbeton zur Herstellung eines Bauwerks oder eines Bauteils verwendet.;DIN EN 206;DIN EN 206;;ehm. User
Batch;batch;Charge;The quantity of fresh concrete produced in one cycle of operations of a mixer or the quantity discharged during 1 min from a continous mixer.;Menge Frischbeton, die entweder in einem Arbeitsspiel eines Mischers hergestellt wird oder die waehrend 1 min von einem Durchlaufmischer ausgestossen wird.;DIN EN 206;DIN EN 206;;
CubicMetreOfConcrete;cubic metre of concrete;Kubikmeter Beton;The quantity of fresh concrete which, when compacted in accordance with the procedure given in EN 12350-6 occupies a volume of one cubic metre.;Menge Frischbeton, die bei Verdichtung nach EN 12350-6 ein Volumen von 1 m3 einnimmt.;DIN EN 206;DIN EN 206;;
AgitatingEquipmet;agitating equipment;Ruehrwerk;Equipment generally mounted on a self-propelled chassis and capable of maintaining fresh concrete in a homogeneous state during transport.;Ausruestung, die im Allgemeinen auf einem Fahrgestell mit Eigenantrieb montiert ist und in der Lage ist, Frischbeton waehrend des Transports in einem gleichmaessig gemischten Zustand zu halten;DIN EN 206;DIN EN 206;;
NonAgitatingEquipment;non-agitating equipment;Ausruestung ohne Ruehrwerk;Equipment used for transporting concrete without agitation.;Ausruestung fuer den Betontransport ohne Ruehren.;DIN EN 206;DIN EN 206;;
Load;load ;Ladung;Quantity of concrete transported in a vehicle comprising one or more batches.;Menge des in einem Fahrzeug transportierten Betons, die aus einer oder mehreren Chargen besteht.;DIN EN 206;DIN EN 206;;
ViscosityOfConcrete;viscosity of concrete;Viskositaet;Resistance to flow of fresh concrete once flow has started.;Fliesswiderstand von Frischbeton nach Beginn des Fliessens.;DIN EN 206;DIN EN 206;;
ConfirmityTest;conformity test;Konfirmitaetspruefung;Test performed by the producer to assess conformity of the concrete.;Pruefung, die vom Hersteller durchgefuehrt wird, um die Konformitaet des Betons nachzuweisen.;DIN EN 206;DIN EN 206;;
EvaluationOfConfirmity;evaluation of conformity;Konfirmitaetsbewertung;Systematic examination of the extent to which a product fulfils specified requirements.;Systematische ueberpruefung, in welchem Umfang ein Produkt festgelegte Anforderungen erfuellt.;DIN EN 206;DIN EN 206;;
IdentityTest;identity test;Identitaetspruefung;Test to determine whether selected batches or loads come from a conforming population.;Pruefung, um zu bestimmen, ob eine gewaehlte Charge oder Ladung einer konformen Grundgesamtheit entstammt.;DIN EN 206;DIN EN 206;;
InitialTest;initial test;Erstpruefung;Test or tests to check before the production starts how a new concrete or concrete family shall be composed in order to meet all the specified requirements in the fresh and hardened states.;Pruefung oder Pruefungen vor Herstellungsbeginn, um zu ermitteln, wie ein neuer Beton oder eine neue Betonfamilie zusammengesetzt sein muss, um alle festgelegten Anforderungen im frischen und erhaerteten Zustand zu erfuellen.;DIN EN 206;DIN EN 206;;
Verification;verification;Nachweise;Confirmation by examination of objective evidence that specified requirements have been fulfilled.;Bestaetigung durch ueberpruefung objektiver Erkenntnisse, dass die festgelegten Anforderungen erfuellt worden sind.;DIN EN 206;DIN EN 206;;
SpecimenAge;specimen age;Probenalter;;;;;;
QuantityInMix;Quantity in mix;Stoffmenge;Quantitative quantity specification for substances in chemistry.;Quantitative Mengenangabe fuer Stoffe in der Chemie;;;;
Air;Air;Luft;;Stoffgemisch aus verschiedenen Gasen;;;;
RelativeDensity;RelativeDensity;Relative Dichte;;Verhaeltnis der Dichte eines Stoffes oder einer Mischung zur Bezugsdichte eines Bezugsstoffes [-];;;;
Volume;Volume;Volumen;;raeumlicher Inhalt eines geometrischen Koerpers;;;;
OrganicMaterial;Organic Material;organisches Material;Chemical compounds that usually contain carbon.;Chemische Verbindungen, die Kohlenstoff enthalten.;;Hart et. al. (2007);;
InorganicMaterial;Inorganic Material;Anorganische Stoffe;Chemical compounds that usually don't contain carbon;Chemische Verbindungen, die in der Regel keinen Kohlenstoff enthalten.;;Holleman et.al. (2007);;
MetallicMaterial;Metallic Material;metallisches Material;;Zu den chemischen Elementen gehoerender, nicht durchsichtiger, Waerme und Elektrizitaet gut leitender, fester, dehn- und schmelzbarer Stoff.;;;;
NonMetalicMaterial;NonMetalic Material;nichtmetallisches Material;;"Zu den chemischen Elementen gehoerender Stoff, der leicht Elektronen aufnimmt; als Gas, Fluessigkeit oder in kristalliner Form vorliegt und elektrischen Strom und Waerme im allgemeinen schlecht leitet.";;Steffen (1889);;
Water;Water;Wasser;Chemical compound of oxygen (O) and hydrogen (H) in the liquid state of aggregation;Chemische Verbindung von Sauerstoff (O) und Wasserstoff (H) im fluessigen Aggregatzustand;;Chemie.de;;
CompressiveTestingMachine;;;;;DIN EN 12390-4;;;